{
  "bytes": 101663453,
  "count_of_rows": 925178,
  "hash": "dfc91da6431a7da5f14e9df56e25abe7",
  "name": "covid-19",
  "profile": "data-package",
  "resources": [
    {
      "bytes": 1771091,
      "dialect": {
        "caseSensitiveHeader": false,
        "delimiter": ",",
        "doubleQuote": true,
        "header": true,
        "lineTerminator": "\r\n",
        "quoteChar": "\"",
        "skipInitialSpace": false
      },
      "encoding": "utf-8",
      "format": "csv",
      "hash": "75d736e9a4404d1b31d883876af62678",
      "name": "time-series-19-covid-combined",
      "path": "data/time-series-19-covid-combined.csv",
      "profile": "tabular-data-resource",
      "schema": {
        "fields": [
          {
            "format": "%Y-%m-%d",
            "name": "Date",
            "type": "date"
          },
          {
            "format": "default",
            "name": "Country/Region",
            "type": "string"
          },
          {
            "format": "default",
            "name": "Province/State",
            "type": "string"
          },
          {
            "decimalChar": ".",
            "format": "default",
            "groupChar": "",
            "name": "Lat",
            "type": "number"
          },
          {
            "decimalChar": ".",
            "format": "default",
            "groupChar": "",
            "name": "Long",
            "type": "number"
          },
          {
            "format": "default",
            "groupChar": "",
            "name": "Confirmed",
            "title": "Cumulative total confirmed cases to date",
            "type": "integer"
          },
          {
            "format": "default",
            "groupChar": "",
            "name": "Recovered",
            "title": "Cumulative total recovered cases to date",
            "type": "integer"
          },
          {
            "format": "default",
            "groupChar": "",
            "name": "Deaths",
            "title": "Cumulative total deaths to date",
            "type": "integer"
          }
        ],
        "missingValues": [
          "None",
          ""
        ]
      }
    },
    {
      "bytes": 7239,
      "dialect": {
        "delimiter": ",",
        "doubleQuote": true,
        "lineTerminator": "\r\n",
        "quoteChar": "\"",
        "skipInitialSpace": false
      },
      "encoding": "utf-8",
      "format": "csv",
      "hash": "9e6a354231d858020b9a0b0b8588a2bf",
      "name": "key-countries-pivoted",
      "path": "data/key-countries-pivoted.csv",
      "profile": "data-resource",
      "schema": {
        "fields": [
          {
            "format": "%Y-%m-%d",
            "name": "Date",
            "type": "date"
          },
          {
            "description": "Cumulative total confirmed cases to date.",
            "name": "China",
            "type": "integer"
          },
          {
            "description": "Cumulative total confirmed cases to date.",
            "name": "US",
            "type": "integer"
          },
          {
            "description": "Cumulative total confirmed cases to date.",
            "name": "United_Kingdom",
            "type": "integer"
          },
          {
            "description": "Cumulative total confirmed cases to date.",
            "name": "Italy",
            "type": "integer"
          },
          {
            "description": "Cumulative total confirmed cases to date.",
            "name": "France",
            "type": "integer"
          },
          {
            "description": "Cumulative total confirmed cases to date.",
            "name": "Germany",
            "type": "integer"
          },
          {
            "description": "Cumulative total confirmed cases to date.",
            "name": "Spain",
            "type": "integer"
          },
          {
            "description": "Cumulative total confirmed cases to date.",
            "name": "Iran",
            "type": "integer"
          }
        ],
        "missingValues": [
          "None",
          ""
        ]
      }
    },
    {
      "bytes": 751068,
      "dialect": {
        "delimiter": ",",
        "doubleQuote": true,
        "lineTerminator": "\r\n",
        "quoteChar": "\"",
        "skipInitialSpace": false
      },
      "encoding": "utf-8",
      "format": "csv",
      "hash": "cd00defcb98ce127996ec02a9669eaf1",
      "name": "countries-aggregated",
      "path": "data/countries-aggregated.csv",
      "profile": "data-resource",
      "schema": {
        "fields": [
          {
            "format": "%Y-%m-%d",
            "name": "Date",
            "type": "date"
          },
          {
            "format": "default",
            "name": "Country",
            "type": "string"
          },
          {
            "format": "default",
            "groupChar": "",
            "name": "Confirmed",
            "title": "Cumulative total confirmed cases to date",
            "type": "integer"
          },
          {
            "format": "default",
            "groupChar": "",
            "name": "Recovered",
            "title": "Cumulative total recovered cases to date",
            "type": "integer"
          },
          {
            "format": "default",
            "groupChar": "",
            "name": "Deaths",
            "title": "Cumulative total deaths to date",
            "type": "integer"
          }
        ],
        "missingValues": [
          "None",
          ""
        ]
      }
    },
    {
      "bytes": 6588,
      "dialect": {
        "delimiter": ",",
        "doubleQuote": true,
        "lineTerminator": "\r\n",
        "quoteChar": "\"",
        "skipInitialSpace": false
      },
      "encoding": "utf-8",
      "format": "csv",
      "hash": "a8685e203be1a0a8dde734706054be02",
      "name": "worldwide-aggregated",
      "path": "data/worldwide-aggregated.csv",
      "profile": "data-resource",
      "schema": {
        "fields": [
          {
            "format": "%Y-%m-%d",
            "name": "Date",
            "type": "date"
          },
          {
            "format": "default",
            "groupChar": "",
            "name": "Confirmed",
            "title": "Cumulative total confirmed cases to date",
            "type": "integer"
          },
          {
            "format": "default",
            "groupChar": "",
            "name": "Recovered",
            "title": "Cumulative total recovered cases to date",
            "type": "integer"
          },
          {
            "format": "default",
            "groupChar": "",
            "name": "Deaths",
            "title": "Cumulative total deaths to date",
            "type": "integer"
          },
          {
            "decimalChar": ".",
            "description": "Inrease rate from the previous day in percentage.",
            "groupChar": "",
            "name": "Increase rate",
            "type": "number"
          }
        ],
        "missingValues": [
          "None",
          ""
        ]
      }
    },
    {
      "bytes": 48189585,
      "dialect": {
        "caseSensitiveHeader": false,
        "delimiter": ",",
        "doubleQuote": true,
        "header": true,
        "lineTerminator": "\r\n",
        "quoteChar": "\"",
        "skipInitialSpace": false
      },
      "encoding": "utf-8",
      "format": "csv",
      "hash": "b42cfc743de94ead9a27e7ccbb27f5d9",
      "name": "us_confirmed",
      "path": "data/us_confirmed.csv",
      "profile": "tabular-data-resource",
      "schema": {
        "fields": [
          {
            "format": "default",
            "name": "UID",
            "type": "integer"
          },
          {
            "format": "default",
            "name": "iso2",
            "type": "string"
          },
          {
            "format": "default",
            "name": "iso3",
            "type": "string"
          },
          {
            "format": "default",
            "name": "code3",
            "type": "integer"
          },
          {
            "decimalChar": ".",
            "format": "default",
            "groupChar": "",
            "name": "FIPS",
            "type": "number"
          },
          {
            "format": "default",
            "name": "Admin2",
            "type": "string"
          },
          {
            "decimalChar": ".",
            "format": "default",
            "groupChar": "",
            "name": "Lat",
            "type": "number"
          },
          {
            "format": "default",
            "name": "Combined_Key",
            "type": "string"
          },
          {
            "format": "%Y-%m-%d",
            "name": "Date",
            "type": "date"
          },
          {
            "decimalChar": ".",
            "format": "default",
            "groupChar": "",
            "name": "Case",
            "type": "number"
          },
          {
            "decimalChar": ".",
            "format": "default",
            "groupChar": "",
            "name": "Long",
            "type": "number"
          },
          {
            "format": "default",
            "name": "Country/Region",
            "type": "string"
          },
          {
            "format": "default",
            "name": "Province/State",
            "type": "string"
          }
        ],
        "missingValues": [
          "None",
          ""
        ]
      }
    },
    {
      "bytes": 50553602,
      "dialect": {
        "caseSensitiveHeader": false,
        "delimiter": ",",
        "doubleQuote": true,
        "header": true,
        "lineTerminator": "\r\n",
        "quoteChar": "\"",
        "skipInitialSpace": false
      },
      "encoding": "utf-8",
      "format": "csv",
      "hash": "06558b14fd3a537eddd96c42462aa40e",
      "name": "us_deaths",
      "path": "data/us_deaths.csv",
      "profile": "tabular-data-resource",
      "schema": {
        "fields": [
          {
            "format": "default",
            "name": "UID",
            "type": "integer"
          },
          {
            "format": "default",
            "name": "iso2",
            "type": "string"
          },
          {
            "format": "default",
            "name": "iso3",
            "type": "string"
          },
          {
            "format": "default",
            "name": "code3",
            "type": "integer"
          },
          {
            "decimalChar": ".",
            "format": "default",
            "groupChar": "",
            "name": "FIPS",
            "type": "number"
          },
          {
            "format": "default",
            "name": "Admin2",
            "type": "string"
          },
          {
            "decimalChar": ".",
            "format": "default",
            "groupChar": "",
            "name": "Lat",
            "type": "number"
          },
          {
            "format": "default",
            "name": "Combined_Key",
            "type": "string"
          },
          {
            "format": "default",
            "name": "Population",
            "type": "integer"
          },
          {
            "format": "%Y-%m-%d",
            "name": "Date",
            "type": "date"
          },
          {
            "decimalChar": ".",
            "format": "default",
            "groupChar": "",
            "name": "Case",
            "type": "number"
          },
          {
            "decimalChar": ".",
            "format": "default",
            "groupChar": "",
            "name": "Long",
            "type": "number"
          },
          {
            "format": "default",
            "name": "Country/Region",
            "type": "string"
          },
          {
            "format": "default",
            "name": "Province/State",
            "type": "string"
          }
        ],
        "missingValues": [
          "None",
          ""
        ]
      }
    },
    {
      "bytes": 384280,
      "dialect": {
        "caseSensitiveHeader": false,
        "delimiter": ",",
        "doubleQuote": true,
        "header": true,
        "lineTerminator": "\r\n",
        "quoteChar": "\"",
        "skipInitialSpace": false
      },
      "encoding": "utf-8",
      "format": "csv",
      "hash": "45b6d8691254fad801e4c5956aeab3f5",
      "name": "reference",
      "path": "data/reference.csv",
      "profile": "tabular-data-resource",
      "schema": {
        "fields": [
          {
            "format": "default",
            "name": "UID",
            "type": "integer"
          },
          {
            "format": "default",
            "name": "iso2",
            "type": "string"
          },
          {
            "format": "default",
            "name": "iso3",
            "type": "string"
          },
          {
            "format": "default",
            "name": "code3",
            "type": "integer"
          },
          {
            "format": "default",
            "name": "FIPS",
            "type": "string"
          },
          {
            "format": "default",
            "name": "Admin2",
            "type": "string"
          },
          {
            "format": "default",
            "name": "Province_State",
            "type": "string"
          },
          {
            "format": "default",
            "name": "Country_Region",
            "type": "string"
          },
          {
            "decimalChar": ".",
            "format": "default",
            "groupChar": "",
            "name": "Lat",
            "type": "number"
          },
          {
            "decimalChar": ".",
            "format": "default",
            "groupChar": "",
            "name": "Long_",
            "type": "number"
          },
          {
            "format": "default",
            "name": "Combined_Key",
            "type": "string"
          },
          {
            "format": "default",
            "name": "Population",
            "type": "integer"
          }
        ],
        "missingValues": [
          ""
        ]
      }
    }
  ],
  "title": "Novel Coronavirus 2019",
  "views": [
    {
      "resources": [
        "worldwide-aggregated"
      ],
      "spec": {
        "group": "Date",
        "series": [
          "Confirmed",
          "Deaths"
        ],
        "type": "line"
      },
      "specType": "simple",
      "title": "Total world to date"
    },
    {
      "resources": [
        "key-countries-pivoted"
      ],
      "spec": {
        "group": "Date",
        "series": [
          "China",
          "US",
          "United_Kingdom",
          "Italy",
          "France",
          "Germany",
          "Spain",
          "Iran"
        ],
        "type": "line"
      },
      "specType": "simple",
      "title": "Number of confirmed cases in key countries"
    },
    {
      "resources": [
        {
          "name": "worldwide-aggregated",
          "transform": [
            {
              "asFields": [
                "Mortality rate"
              ],
              "expressions": [
                "data['Deaths'] / data['Confirmed'] * 100 + '%'"
              ],
              "type": "formula"
            }
          ]
        }
      ],
      "spec": {
        "group": "Date",
        "series": [
          "Mortality rate"
        ],
        "type": "bar"
      },
      "specType": "simple",
      "title": "Mortality rate in percentage"
    },
    {
      "resources": [
        "worldwide-aggregated"
      ],
      "spec": {
        "group": "Date",
        "series": [
          "Increase rate"
        ],
        "type": "bar"
      },
      "specType": "simple",
      "title": "Increase rate from previous day in confirmed cases worldwide"
    }
  ]
}