x,y
0.6458292930716967,2.093071119204321
-1.1577712962426698,1.7864072297763496
-0.8130591105589553,-0.7129658716854919
0.5034946405606122,-0.31166018334651646
1.766398238967843,2.494041522218148
0.2696958434557133,0.0034231500949325477
-0.15263021720935432,0.9969977705127223
-0.4405747891509933,0.39553102286117603
-0.821463824131069,0.2888250523780719
0.5768332020007968,1.549499091587084
-1.2629217864124902,-1.6748680727114786
1.077089833716626,2.484466988751706
0.1201854564147664,0.8269178814340503
0.1858401324723932,1.2114706120188041
-0.9300268670260262,1.7165076415656788
-1.6279982800266355,-0.35379216946035696
1.150196128339701,1.0413889527778466
0.8434175660940466,1.4379300161048036
0.27831806312333074,-0.37795385825547667
-0.33340642576483426,0.9269191565046009
0.3052735519797084,0.42338000775668494
0.9539092618087291,2.292300203911862
-0.3172513858591731,-0.35723646215613325
0.21636263756343532,0.3638632576011842
0.4199303735675306,0.3587900455884735
0.7439109541135697,0.09393980419971504
0.15188588894823468,0.31304223584723034
1.5137925683557738,1.8222463645793612
-0.2932304255604763,0.7331172535322097
-1.2635916457108192,0.9739694324001127
1.0125454096038706,1.3544033788267074
0.3080305120526046,-0.10606331162050964
0.7235076973021044,0.9740117295468835
-0.014081048865133172,-0.21489903534012633
0.5550608579680008,2.1782462577867605
-1.1738536458533502,0.48719859841754665
-0.2574627492314744,-0.5993446517727188
-0.6219581622416148,1.1270482041515464
0.08718561574182943,-0.07705462832090682
0.43199111172020366,1.2593104169914469
-0.6259544037595277,0.7809499414043284
0.19521730731003684,0.1251294668497991
0.6060906368651112,1.1279946445719737
-0.777671805203177,0.8390973846730622
-0.3964954307893575,0.7117898909500301
0.5004778494409047,3.1750517223810775
1.686979875164981,2.28032695033483
0.221612617547402,1.1513036276864854
0.07365101618906073,1.3957740524921352
1.2799149466994066,1.3331493619943184
-0.3268971627091057,0.19182839989475742
0.011534328802014531,0.9460659489591096
1.5950495895733865,0.945491201070559
-2.017212850720381,0.181561258566468
-0.7450072770291924,-0.31152977837186535
-1.2685563353767875,-1.2103019521407652
-1.4046864640233367,-0.0019993011757279966
-0.883277757514898,0.8947336369370046
0.4102408042165526,1.251577082843098
0.7822882760083824,0.11159037275088257
-1.033637342542896,0.27837724527889374
-1.1470946649020026,-0.231678928700787
0.3982793029560686,0.5295885353389116
-2.6428823994017963,0.7246006134381289
-0.5241600398387545,-0.001058401215924043
0.784097735969623,1.7399242314515428
-0.6011044121594795,0.7513168734719574
-1.8214087349743733,0.12431423537074071
0.5784668088126563,0.7858301521152997
1.828725683641858,2.1341139827233717
1.1454111594736525,2.135457467814781
0.06504727427609336,0.8048131478158219
-1.1821122023834372,0.7296905070955428
-1.4011874752456954,-1.098801346131645
-1.6384098828338427,1.117560873565548
-1.222757735604258,-0.25352353549189965
0.8767890708899403,1.9956881729461233
-0.9827821135982654,1.029458673106972
0.10770016436616249,0.7161505110488195
-0.5443069004138059,1.5363351947594053
0.8190359753945157,1.193175174455208
1.2670499546053873,2.1109364975627427
0.7547317942691629,2.3994609315328317
-0.13994341864299742,0.882738447998219
-0.645491178009497,0.9253559389075099
1.0847253031899902,1.737794518438416
0.15963477474664461,0.24737387564194735
-1.3090667988643938,-0.23711942046916623
0.8731929234882265,-0.11494901336101382
0.12404693749554369,1.6226818545488257
-1.0746040498103935,0.35464080983456003
1.231834075207973,0.28105490150093204
-0.3844666760647062,1.125019871217072
0.7772689575952716,1.3206462671552126
-1.0378119921710687,0.31234485421543545
-0.6769609639114014,-0.15862381470113984
-1.192938012250087,-0.12041383711303189
-1.232859459682283,1.638857816490862
-0.8660762842693717,0.3990614364101819
-0.9908110187668364,-0.7718043567418083
-0.581622610200206,-0.3972071529127792
0.02024264812395815,2.0080442736851527
1.8936508899961948,2.4287369342067877
0.49901698428615443,0.5536537436457798
-1.6239995154096452,-1.2615953878742556
-1.2614784438228044,1.027948444165002
0.09445308704846941,1.1485063045020618
-0.7977274793410549,-0.5941564074206256
-0.9928951285674639,-0.3944032453195354
-0.26646041839888823,0.27345956346856737
-0.32661862033972944,0.4137317269916915
0.7031360370817601,1.1861667151717246
0.8026802707974443,0.8869537444808858
0.7073010941296417,2.3627948228050837
1.6201834687484862,2.5281814110026297
-0.8694139159939693,0.3976289390566927
-1.8595542832485692,0.3030220856650574
-0.7396062598245494,-0.45878799699604
0.7605494310952949,1.8607422806309604
-1.2473540227199207,0.06443384213193926
-0.08547962018456368,2.893146093638473
0.06872334160680482,2.9162660328225227
2.165575532882884,1.829201819088539
0.6159351115194256,1.3822433738158488
-0.279726633561032,0.23446851600284002
-1.8766599584995447,0.6701354234329556
0.4512062449159458,1.0328314620257806
-1.3527248933021845,0.792180806595758
-0.3684938535315411,1.1283881450592004
-0.6762076904211831,0.44295213561203384
-1.8367033978046279,1.1938831068167906
-1.2880425540212737,-0.7028366427876276
0.4708260581792815,2.0377527669672597
0.6961020300747802,2.880087109669628
-0.8906547038209298,0.09886926030067678
0.9062871755166748,-0.03174374932314272
2.2148349425646474,3.6911655791650926
1.2688914969293474,0.842185077510702
0.1839065774542458,0.7929952085762597
0.608568748747423,2.212735851618154
0.12937044250144816,0.6783771215646179
-1.8713905326343339,3.110553963732182
1.1186240006547843,1.5447508102451692
1.8727770327862885,0.29886766855311075
0.7968392238548307,1.1525842538468407
-0.2599295352487832,0.16748488190136024
0.41563634314592135,0.28532526931419067
0.26336924056744687,2.258994160116322
-0.8935520940637236,0.6203411336533191
0.15357696140294205,0.7727686778100499
-0.22313229251973618,1.2850314578824467
-1.1967581232122915,-0.2822114808871776
-0.7686549867756183,1.1011150530506868
1.7671149348902822,2.2165364933464216
-0.6747192996632413,-0.7560463281085028
-0.08437431993843705,1.0382377987133589
1.3168105388970637,1.4849165909275719
-0.5790905083673129,1.1876063313457135
1.4493351564284873,2.1483071095602972
-1.4274498516504275,0.8285534563045542
-0.8377544208290091,0.7376680604667432
1.1029814353774183,2.2016872536325343
-2.093711414265733,-0.6219162592377607
1.6376590451417987,1.718437797695742
-0.7999543732894023,1.5472232041990897
-0.7774796550207257,1.1832779743564523
-0.18330480202225902,1.3456706503954832
-0.8552263377854276,-0.7831900609225251
0.662015961027941,1.628064698744745
0.21946445125498326,3.2251692112247587
1.4972952844089067,2.2456303454770006
-0.30015941311357275,1.3919092296942532
1.6135237885994482,2.5174967320621633
0.44195403240344966,2.920637407680998
0.10609331522599164,0.7799081904940578
-1.3648268758731998,-0.3016139812033134
-0.8124965951593874,0.5149272822147091
0.5961960327930247,0.8976799789406813
-1.533037545458372,-0.0639679424739048
-0.6915029490232131,-0.9225155199337687
1.384388429884218,1.9893521154830884
0.11609198137597254,-0.13364820375634134
0.737005511038154,1.411725418201501
-0.6507211176960311,1.7559012824031168
-1.3186456216597489,0.01970979979581744
-0.11695665236919753,0.7547475178141738
-0.7626086063309374,0.7032888518743321
-0.5020338997164946,1.3718758171917318
-1.5440772068942978,0.9094669429345208
0.5664351836459911,0.72899281056403
-1.175886145939089,-1.022352970627693
1.2730083933070286,2.8366544730360177
-0.834685584837624,0.7702273971147336
0.7043901921073861,1.7745670661444801
-1.2642947040914296,0.9762567628462956
0.22361503008642558,2.0707867336896966
-0.03221139268244966,-0.2268168066775158
-0.10754617325331067,1.5785878224699605
0.3031469510623485,1.2104964041258253
1.1435527664720249,1.0629013887877936
0.32218609714282354,0.6529575274024315
1.1779267594031075,3.89091612072163
1.1211880616952667,1.5981996182366345
0.5468724176755232,0.48886341375135967
0.6678393201666262,2.2821484072667535
-2.2397281996948015,-0.05380405198305027
-0.4280813223807261,0.7428050796507937
0.5151072290433246,1.2216327421317512
-1.1816285469091659,-0.7602776819490609
0.06051653768933371,0.9970630258373638
1.2827018811267779,0.8000016961994324
2.1055010493714996,0.1640839171938785
-1.082718706768866,0.6378257910917018
0.09763409608924067,0.7574149511619209
-0.7254136273164586,0.5049769057787303
-0.558044021976493,0.5236874789554863
1.9836108415157558,2.4226392137211104
0.8961491895698713,1.7164265190407775
1.6830692725670966,0.4896950639314218
1.1218425520315463,1.3413950926795213
0.4481933579662221,1.4491113484468752
0.9659037707555652,1.8546076811944359
-2.0446936689157234,-0.19086987989515758
-0.4590130101035732,0.20936930967902367
-0.24222321357182353,0.0651521003741744
-0.523799118869543,2.0226465860864673
0.2427642750869606,0.48109422059904516
0.587026729582532,1.1898224314270032
0.6137432400358342,1.6057290958031887
-1.7334480078933268,1.4489205453687704
-1.9970764484447834,0.3213926190526899
-0.11192031590885887,3.8728692479334983
1.1916014229038212,1.6427318416509982
-1.126793385553126,0.11979621881969993
-0.8456025064427415,2.4538540177894426
0.9974634899805488,1.1168185813732758
-0.4995287252038802,1.6025665058979788
0.23922323897208841,0.039800877895030506
-0.3356506744542865,0.1075707385029342
-0.5186950563251339,0.26745661176320945
-1.5877877791023531,-1.4265824955218798
-0.11237816114367291,1.5410605329505649
0.538045131140294,1.1184726449463493
-0.9862034130136088,-0.40090291953857937
0.4365173218077231,0.8151739821538386
-0.987430763991267,0.8285881288717589
1.4236165052281398,1.6241213183278278
0.9408128814873433,1.8241105716853794
-0.8978800408770196,1.3537665131838725
-1.266782629435001,0.4816494808132967
1.7800442160057346,2.5064923071085725
1.557355788954912,1.8237853274428009
-0.18898147127132547,-0.5295909750296799
1.4407482902432989,3.9560909436717506
1.5913685658700718,3.6471828523464507
-1.0812968167276327,-0.5910437558106454
0.6453597567911982,1.9653959957700438
-0.10690348600578975,1.5632457756095595
0.8755274537692601,3.2962726535024656
-1.1104015651118564,1.449296199692021
-1.0034931164401988,-0.684672054433197
-0.2733502795126132,0.20042531115092532
0.5407372127867861,2.0370589145607854
-0.5631197253595099,-0.9683236641325856
0.3076494374866467,1.3920476442702139
1.0628501347337551,1.6755931843904819
-0.7197677747252402,0.776845170583466
0.6788815739934227,1.5419394290742932
0.9938793446830361,2.332096215730239
0.15430271625342554,0.8574850797976027
-0.8918637739856086,0.16563705791867556
-0.6387657927729533,0.9346782485489753
-0.4835341823826542,1.235038682279764
1.2014236341425744,2.4837465119339344
0.6533459031556843,-0.9214453977782009
0.32255376495976495,0.4925606995965899
0.76426790228309,2.5480650802006006
-1.0945256271388144,-0.41760861419284545
0.978302607308057,1.2166480573490948
-0.5531762894421153,0.8395684850819115
2.110675331670877,2.338420462751192
-1.6489734299370915,1.4986534510676317
-0.35208019387902645,-0.38460623543636574
-0.20794011004948604,1.2909361727097322
1.791122429766055,1.2227733316232585
-1.4376446716801412,-0.202478209785117
1.3456699999929862,0.888863104031838
1.4625811791597032,1.633033301070387
-1.1994908639901811,0.648060152701907
0.21193716006607183,1.8660068683650892
-0.1873479004553048,2.580896816885894
-1.0745726400998517,0.7815511010684778
1.5764624401966616,0.3624360960683455
-0.9316820083220106,0.7145387439819733
0.3498832165136113,1.0702755698418498
-0.7292165049408587,0.47381740420629403
-0.041610556203005356,3.403139445704154
-1.3506726652959329,-0.5569128938643939
-0.5820190087197594,2.0315140154783933
0.4853318798070726,1.7859215208340946
1.464165830060666,0.44525906980169405
-2.331229571805694,-0.7020325544430868
0.4492718623486379,1.901847796592262
-0.8231624678999067,-0.4069824272759197
-0.1118182107528003,-0.886987242108817
-0.9331382315257528,-0.6293861089595227
0.7807462878797071,1.0661062553880214
-1.2400954131527848,0.3164674251365458
0.08288733062090763,1.0493545755071614
-0.007826558108163767,1.2924476593293057
0.47329046951975035,0.6684505977382174
-1.6808435098649364,-0.7795512081517382
0.33487869534025505,1.0505473991928849
0.5035594518254285,2.0920273422999434
1.4661914641881406,1.690568587759283
-0.8728258914177802,-0.2597258491325012
0.6774253335963367,0.5765625926604349
-0.6052314563563213,0.8297542329289544
-0.3882372635123933,1.5243603351342931
-1.310296872308603,1.1742655929284465
-0.4951743632673688,0.24627382219013416
-0.8173805422622439,0.9503278537715927
-0.6372896660160001,1.425874468788085
-1.294404240423759,0.6170345569546636
-0.08227775380599267,2.100987387762012
-0.6731913823904695,0.3581008192911723
0.2816541965813641,1.5904782394390877
3.520735086611934,2.4014906404571175
-0.4736367588321611,0.5367475659617144
-0.03862447255189,1.5991421023381447
-1.7720065882986313,1.2189283556838786
-0.4197684499325809,1.2260899658228415
0.8577516244857024,2.500708961497646
0.7908005410776607,1.9241863038952451
-0.030812324792803034,0.7584784940661446
0.2575418392315605,0.8993953603990552
0.04968718123309604,0.9759802921409151
-1.7339372405769362,1.4715967306394535
1.7121576005342194,2.019237887847108
-0.4058549206962621,0.7385859369946328
-0.19176569207271174,1.4875848099359372
-1.1043838535196004,-0.07259292273348605
-0.5007495016431385,-0.09347051328623657
0.17642614367543694,1.513035431118659
0.5269947860115028,1.5755308142709612
-0.7141189392969877,1.6354195576671346
1.5452800401804103,1.5904334684199959
-0.9383351264561854,-0.08470986703085681
0.1295160592886134,0.49757132837301743
0.18704442968059087,3.3089280283176743
-0.6794597990841431,0.03545404946710973
-1.395313379540454,1.2015562893858567
-1.0828237111007757,0.2069834532006718
0.4599005942073944,2.0408983635555837
-0.43735676072669255,-0.13511073751699043
0.4813979742401808,1.4300246220430133
-0.6414707272083785,-1.1771267763078992
0.1297795464488366,1.0735641349664422
-0.6504977112135284,-0.0317045129438831
1.5749965177954897,2.0391232411721494
1.0438635017511277,2.459325145009331
0.04187705679250117,1.4322287513473495
1.5715143172127926,2.7427083947244615
-0.5125523724950166,1.2419720930022569
0.5830229188369516,1.113560403695704
0.7449026530203559,3.09283192494566
-0.6305337136276917,0.3764246369584987
-1.3817036653447894,1.4686766622740681
1.2998520653387877,1.683519819352572
0.6673125792598141,0.3916937385062276
-0.9211516625834931,0.2845160204592321
0.13322346805593466,2.9120600782690307
1.6714243701465998,1.7619050096884987
-0.12136960820402022,0.7053267797911654
-1.2532185308793464,-0.4574169347880961
-0.28699552232376146,1.7487889657918942
-0.41030608956962134,2.70020140510034
-0.4031764111377544,0.9756792521030753
1.3701115571875178,1.192564913496063
-1.02797063295437,0.3373647989159071
-0.6736442512818966,1.0908720745473166
-0.6745545287559307,1.1875445188448355
0.34188795914816894,2.5559223603507775
-0.8692696991673332,0.9733028679515177
0.6177531957365126,0.665782129957748
-1.9504483593328095,-0.8849544119703392
0.4190744413303244,2.377847928352123
1.0681680887187213,1.9837072568700929
0.1739588164252317,-0.6355652909178204
-1.2679892852574404,1.5595375787979167
-0.33496564223403463,2.0845681995460907
1.3107014074475456,0.5893024540266775
-0.7311011837462051,1.8752420854166711
-0.6504291655368983,0.469818567840499
-0.3136402809870113,2.090905823469497
-1.5670958659206196,0.4708381963442042
-2.711240250721155,0.7748106272790471
1.1790672352986524,1.2580333583092034
0.7984540691724686,0.27056760495627774
-0.8260442066759965,0.0565986728501463
0.6798681689506626,1.0655600981424929
0.5090356095253996,2.305409895974889
0.43650085827297275,1.9072221983140074
0.3558049914215301,2.843838092600312
-2.2958853282300313,-1.3586336662227647
0.3735188292846733,0.5737452539981427
-0.46521548487861647,0.1935745052123199
0.22121025653028167,0.7536012088937111
1.6964362108201827,1.3515840096935574
0.8256705093267109,1.6171871032960365
-0.38214166164110697,0.3575846407978116
-0.8142424459775539,1.1314372381740578
-0.25636019695207657,0.4526352442526439
-0.7066374556618068,0.34483939370118244
-0.7400925994572622,0.5948715009478852
0.6566950596127623,0.10655919715349627
-1.4777201291589082,0.03148952832489682
0.4371819675101603,1.3043933550242657
-0.6163019658291349,1.7459988664837893
-1.9534243593173848,-0.58601802860736
0.08717084825959298,2.1707655303216287
0.9339805688367093,1.6681578175543854
0.9647215656265943,0.1074302911723205
0.9853523823620838,2.3757349078048136
0.10531535014731229,0.888704552587586
-0.35977935797100086,0.4762187092342721
0.012050643313294584,1.5341428862664428
0.9827472724019102,0.9252164905639831
-0.29870718239919336,1.5663168333265123
0.319916995716092,1.0049145315429842
-0.1276796748182384,-0.24036368977600153
-0.5596009773044814,0.6771713173184907
0.9747561785537949,1.6397181738506592
-0.3861363202617399,1.193683972269029
0.08838595318653045,0.5730405637270071
-0.5064567356619285,-0.41871377865028103
0.0007888274257440431,1.2879637157779618
-1.1416436462311204,0.2270546359352703
-1.256010090481612,-0.5327785516788801
0.5248589516878831,2.0480327339862754
0.2578367621196099,1.1086431266433727
-0.09468168850967919,1.0342898701604781
0.5021226708785628,1.6122657354717307
0.6829797472975327,1.3307545033576682
0.5892968343562779,0.3707747608760624
0.6519325713764055,2.308972148704817
-1.1689443239847697,1.4661999639026537
-1.599732167432498,0.6314845757915011
1.0114988991071883,1.5944386721390484
0.2949200699213629,1.8345696604073043
2.809547365919853,3.259395280552311
-0.9849305344192778,0.6217369223165853
-0.6794053004434826,-0.12891947464485298
1.03228455174298,0.58805090419187
0.5493978891021133,3.2397280153124863
0.7176718644298352,1.2097407063410415
-1.4644863469671243,0.8933314688866648
-0.23506843123477333,1.757159670129793
1.5311357516436894,2.0707056805764483
-0.13171946550874383,1.0812644593977718
-0.8722222135246114,2.244264719837611
1.922230758856206,2.8408988362191137
2.307090952617969,2.9555198999967778
-0.5577557824659155,2.195641185142778
-0.36822127511588243,-0.26454016457875484
1.10458036935483,0.8954280483003281
-1.3344329937407333,-0.19790934725492493
0.7780410288749304,-0.10347094906289311
-0.7361975900642872,1.1044832557687416
0.4545959340362796,0.3933053006263878
-0.4367596274764367,-0.7921352060086333
-1.2095470801553745,1.0121607431275552
1.4059593154615113,1.4441418339757401
-0.7295163039539971,-0.530282959097476
-1.0037878945606091,-0.03851198861857008
1.8604158132875057,-0.5270268344401445
1.2872376007611512,1.7761273666941957
-0.4376904821262598,0.9446206779374
-1.0847463545251126,1.4669623782466852
-0.5567841690736669,0.5823113983482778
-0.6652999271403331,0.45323797134682353
-1.56593615649868,0.07258209732676302
0.2123538557902564,0.2669953478654432
0.9715635354713387,2.8236589492044217
0.008040971277038067,0.7325623185035494
0.05575443687919801,0.40301633983869034
-0.1437588571795943,1.7588357510982884
-0.17347185671911594,1.2121143416629385
-0.7637714152719082,-0.2914607148253805
0.6003303670341661,0.673692182255913
0.5020513191569127,0.48660327301728945
-0.8959447392986045,0.9925790571212838
-0.5235953662571525,0.8745460971946643
-0.2585546741339362,0.2796742559494425
-0.035789476908797746,2.0164042681138583
-0.21940662774259911,0.07581703142620144
-1.7646174631048281,0.16213947261188566
0.5788382231193508,1.1926492684727716
-0.11577656894712209,0.9702236400093261
-0.16441499743225185,0.5338062694249703
0.4242706138765353,0.22593582937904177
0.7704670518194916,1.9742417275366781
0.10154809021380855,1.0354473067729932
0.678899661645799,1.8930984347125879
-0.46465926514372236,-0.7224615693074394
-1.8618470059761574,-0.3938996849618459
0.2588056136024852,1.597159212299287
0.3792836998135197,0.29197484151839914
0.23730656426392502,1.3562068236972542
1.7291980412610533,1.9496674809928767
-1.240277796082895,-0.21399037378303754
-0.4471392261945084,0.6789485863562008
-1.0145362493803725,-0.9986236393008898
-0.7028428666255536,1.1420658723859454
-1.335388148070691,0.4558223392667753
1.0109175846447693,0.7432331877210936
1.0444615935741965,1.7666598423917328
0.7493673731760335,2.6823440471973674
0.923660715029912,1.7044217073228516
1.9100569665013465,2.2163865403192693
-0.10122453332494297,2.179607401668389
0.5220125718928204,0.7981997347015471
0.4436052260627945,2.4893959672550188
0.16869695303157817,1.7404612010407248
-0.21221015906008783,1.6762223590670255
0.20146970266976624,1.6117438896493002
0.5059027648965477,1.0937531410247863
-0.5643249936229021,1.2319640588734415
0.2983811570018946,1.013619845986064
-0.25796129356671327,0.053530514086360004
0.9080812724686916,0.31864705668056603
-0.9482749261623207,0.24052435929713412
0.4916496909591914,1.8183985132224691
0.11592804863785725,1.4765518261863706
1.6107469492179387,-0.24585223150415714
-1.843044009954581,1.7608163584184129
1.409624194278198,0.9716662277533498
-0.9284881514297149,-0.4589621488089122
-0.12173152020204414,-0.455609929082883
1.4490825200983433,1.851043997183152
-0.2943355938662384,0.19989427782525038
-1.3946173930577952,0.5905339119914796
-0.18716156383096788,0.8809332562399073
-0.8731208147654388,0.4356176011309164
1.1711583229734013,1.6773178930836745
1.4540299594143486,2.186969636487351
1.5653642980666953,1.1490786445414884
0.7297099676194664,0.8432665174842866
2.00026148580825,1.2704414392167642
-0.5659642310564434,-0.07033733961095279
-1.0526027190339626,2.5499920904640048
0.8015439602006063,0.4446714532768652
0.244961973248566,0.2737937042499933
1.1936024763452153,0.7781589101393835
-1.8586782602427707,0.538300917714577
1.0699407317373855,2.226443713547533
0.7327986479683298,1.8217936623651894
-1.2270464982725422,-0.14095495513495782
-0.06738789469776749,1.5509321989813671
0.9511486487143461,0.6015816582997422
0.13492193799628038,-0.5777748072581186
0.6698313068779121,2.517748137699576
1.381433690622138,1.1791376357753474
1.0452991742962583,2.2291866878836615
-0.16119980383538668,0.16388434768138627
1.728547579767976,0.6542300645055498
0.8526049255967482,1.7544070593387215
0.7490549525203829,1.130174451954341
0.21570893461437432,1.1809518477282268
-0.09294931084513625,-0.16413797080770687
0.12362644182833704,1.6556230203299105
0.39359274142720124,0.9342479432842185
1.0376714209758828,3.419304393067009
0.29198060376327395,-0.6131971029074275
2.7164919905459746,1.2799137483942196
-2.511328346632113,-1.3068387860670367
1.3967269602702765,1.821441236161908
0.9518264766745086,-0.19710098937328402
-0.2916618168746087,2.755547031207632
-0.4093895300904653,-1.779509144905409
1.2180729289056638,2.1071701617704033
-0.0012292964011022534,1.5647586975220862
-1.2790420003164267,0.31295486413557794
1.9223804362935604,2.8183103515115353
-0.08126990921414087,1.3149873346569512
0.6265213259483486,1.3163241878280418
-0.6840175324167139,2.053458225170762
-0.2701716845269376,0.5032239210476048
1.1929705098880026,1.2034340633611862
-0.6298915810738211,1.055126621593011
0.8136280871203244,0.10354967255994041
-0.43743007678434626,0.6495690103063184
-0.980016481035769,2.118642951726544
0.3055910264264111,0.5550960927219741
-1.4889419206715822,-0.41926196193647525
-1.4552464044172104,-0.05894653412989226
-0.1688599699123975,0.25750748269171586
-0.4762849913436019,0.936773130693627
-1.4285781443588825,0.7378819727404753
-1.4426843922666945,0.35621354012456297
-1.0768831072890341,0.6872431725435411
0.7869465836501421,0.810839976723406
0.5175253670233668,1.1516701559267537
-0.19910284081133772,1.150212555005393
-1.2897343570149549,-0.09292478419382277
-0.43835959399858204,0.17763627047324704
-0.06912616799688742,1.110828483511616
0.5921463292936325,1.7221191205959951
0.3511072923388211,1.957667764851391
0.8441271510515095,1.852072083419627
0.03514774652478997,1.7699549472545044
-1.776373972787579,-1.4210005480053942
-1.797736592910962,0.7572180663801752
0.9192367081033368,0.7294565092017807
-0.4707200089767765,1.162206947762786
-0.7590189555668219,1.0543376209739361
-0.8741527534685312,1.7789292946469566
-0.11476736737099857,0.5042040316627339
0.24865428341539375,1.6454907424031218
-0.9231174150319782,-0.7425265681587885
-1.455574165671253,-0.05893869263619078
0.7536391534002795,-0.2311661578648967
-1.3665466508651356,-0.26275837583747275
-0.6460979349353448,1.830592034950566
0.2514460812228978,1.1837261840961464
0.33601594697804366,1.5523865998438007
0.7201136311977794,1.8938651992515627
-0.012103054312142142,1.0354911250951147
0.7193071473497883,2.276539202271925
-1.2083181467509514,0.0010726767848079355
-1.7356903814717874,1.0612839399675495
-3.240122120473653,0.1839954986228891
-0.3900117602090925,0.27656131158371455
0.774568954010406,0.765071970351672
1.0706208460951445,1.1783441087191762
-1.2209875379358013,-0.7894454444115828
-0.2941912886563982,0.6977624831406416
-0.048416717464381975,1.732182968418113
0.2862086153943477,1.1007764307140853
-0.054041139820530604,0.9768460441883263
1.3227167040946823,3.3497630214041623
0.04408081974998135,0.17948921087808645
0.2077682756696056,1.6015808515831162
0.0946484121939074,-0.4994703545817054
0.615833320674394,0.11768467713939701
-0.5275701014392074,0.6587895827543178
1.153496662804566,0.39494445159598013
1.6540476844363983,1.8613554298880728
-0.7209129479003774,-0.7765355474226638
1.1416782336625424,2.562014815723408
-0.23299649601050654,-0.8894817219573934
-0.480772913335077,1.723643707465014
0.6232544067241481,2.4529137646428594
-0.9840779819273021,0.018216069924892553
-2.0140136475109705,-0.9272345414151097
0.06359794863859947,0.9249372536143721
0.9176110566692722,1.0426430987389288
2.0307319227704728,1.825381757445844
0.1975674077720988,1.27471723771932
0.11940376935540756,0.4976758353825197
0.6400393035459024,1.3008976783674424
0.5165896356305875,0.6716813596062748
-2.082951442656676,1.0325696676578557
-0.6659524893667945,-0.06998770589805203
0.15277231225752835,0.6153660737622256
1.035137755235959,0.16590942516635865
1.6282117057485372,0.9606700828183521
-0.4388200362389626,0.9287156867398612
0.1619776012232409,2.084078284600081
-0.39247547035003016,1.7981527086481748
1.2507693089176541,0.2417792063967502
0.6520762453791227,0.666677050504876
0.882581985331142,1.5704451454632253
1.478377427821784,1.7719497190588511
0.6309753070912784,-0.020113335307208935
-1.506059902638761,-1.6196488160934965
1.0565180063360304,0.40119605745699105
-0.8665903746412051,2.061700161506431
0.9658037811095405,1.7964436687041088
0.3717885638105688,2.630766430673771
0.030314807816170186,0.06565239709510784
-0.13753994238778555,1.662928169179576
-0.18280456368073383,-0.1915432995452453
-1.3935539222677853,-0.7420015275345677
-1.2742469742629279,-0.43991583557206737
0.013459484739543892,0.2877307223122465
-0.9615434250837622,-1.0739451077672841
0.7244451695489521,0.9811473991653159
0.2511378293433667,1.4288339477201497
0.6152630849235854,-0.1890662387730917
0.15098871821394985,0.4385245188513651
1.1520556289265187,0.8096243779325825
0.4202668084037494,1.0149799360295717
-1.0276107921911173,0.4401058545939026
-0.3681119716779297,-0.15877210608143177
0.958735149491922,0.9815721902435326
-0.05976716252227954,-0.5683835940185631
-1.0010647459092004,0.3458566076076419
-0.12925201445052611,0.5201424260697565
0.34615145290710303,1.6041170339740738
-1.7467246720603296,-0.313661139366217
0.6078142974460397,2.604385055407518
-1.7285342992396235,-0.9593600471427259
-2.7382797735319793,-0.306771983585989
1.0279181273301023,1.2432467745475206
-2.259152345807361,-0.07532005885200599
0.11853821724932562,1.1396491360604302
-0.027110334017235838,-1.0902477896445455
-0.3585672091976331,0.544448157012545
0.5980833457387945,1.098863051910298
0.0794961099352054,2.4904527671790166
0.2531390471430459,0.8666223602917739
0.6688894493666487,2.1635182193229303
-1.640255123462287,0.10089342270393198
-0.7244733720800752,0.7736953649946964
-0.928106896568434,1.1975089846144251
1.131057560689669,-0.10046325144172741
-2.2134660017244943,-0.9055497538321553
0.6008433245903986,2.3213187033230636
1.1774178511811897,1.534645833656441
-0.1041368196282082,1.6172671587655336
1.1837136347845072,1.4424956292120705
0.2027606411823101,0.4002460782354593
0.5985405984825742,-0.24532458993384343
-0.26333066519832177,-0.261918606458613
0.7448766788803889,0.5172782412419793
-0.0722644733983821,1.3756633311471456
-0.3738811282148242,0.016514441568969973
0.335752931674141,0.8924804451691756
0.0165377201192779,2.2709310896118082
-0.8070287683066556,0.789605364504371
-0.7477199797432047,1.2368894653448856
0.16122011600311098,0.5377949636114606
-0.3696562147045633,0.731639213473098
1.0454817584506781,2.0059076914592215
-0.2356233606176214,1.8849658317104758
-0.9466738874520509,0.08933934131282029
-0.5914001720448802,0.5691456086748932
-0.8270552648557522,2.457858006064918
-0.7635081903414229,1.0607395981118481
0.16684537986476106,1.9474698898380713
-0.4002482683790593,0.8119721757902324
-1.1059348650924103,0.310047070378869
-3.061601408894731,0.5503804501223419
-0.9865426686463943,1.2164905377673678
-1.7094811009494841,0.8017224090636839
0.6745105729090408,1.8299274559810605
1.7842972245190052,1.7989958117242144
-0.581302078975567,1.3302746328286823
0.9697136686137042,2.95286734937656
0.3155506199867502,2.1250814043756128
-0.7708583335093826,2.1411368913038684
-0.17937372739083365,1.1068133059933944
-0.5190508637234827,-0.280384907489025
0.29915171720015854,2.710928786251825
0.5456213988930317,1.3096424625510996
-0.009103763019310263,2.077306894654104
1.948043124511975,1.907790044964604
1.1942316331276843,1.7298476142758898
0.4543405688858285,1.7749582106746782
-1.0072830881352093,-1.6568265405289928
-0.5550411189691201,-0.0793124000550709
-0.25428306307336396,1.3226479919244114
0.6870396701383781,1.9161882043483351
0.5555523156894367,-0.7609531584899851
0.6711860612927784,2.752822325116574
-0.3640386004503043,-0.3568283690179095
0.24763921200439254,2.6868807286105696
-2.8194368452609178,-0.6873234907126173
-0.19726877591523295,0.6502469805884237
0.5833117851169008,0.5397727434982205
0.23807663472328616,0.15113192806676645
-1.1387971648589679,0.4201829282817795
0.022831143035637047,-0.658722249820334
-1.1897902343446642,-0.5974697888833833
-1.1637013070792226,0.7665191411730004
-0.16967869751716635,1.907976337574585
-1.552489679712053,-0.33283086916878735
0.16283908032348773,1.286589879510546
-0.3259837587966453,0.7862473467998734
1.544503449387863,1.9746656705807695
0.32747061276810213,1.8132820587281528
0.4860992848492725,1.1397613893174139
0.6999521431203218,0.4675487255217998
0.06746540463679457,0.8666297616703311
-0.09564715021577719,-0.8431856065150796
0.024140360739221982,0.9541091432098253
0.5864289272906001,0.9443462109851188
-1.0874703612715464,-0.1210137134118332
1.2578893758927565,1.386635019176635
-1.400874309108814,1.0685201545662708
-2.619935113630878,-0.05904750132742165
-0.09578099804070907,1.265089955010536
-0.49316826990993357,1.3931546563953328
1.2390150228882404,2.6748956271986475
0.09766799437423376,0.957764228107174
2.8174813397335097,1.2059070719100502
-0.255708013087945,1.2129541210398838
-0.06742821214493389,1.6220447041816772
0.7010607345129648,3.5066665739010823
0.2503871245356464,-0.6013999528692837
2.2581381495015322,1.2960618417671497
0.8189808053602634,2.6274423454037796
-0.9956395582085938,-1.011675056489926
1.0156909704381347,1.265911972243614
0.14113964537067974,0.13909537126888827
-0.8264690821369419,2.4400627947111992
-0.26576661463013596,0.0234898354879296
0.21769305347002743,1.52794196225464
-1.0931382930509548,0.7266887598324563
1.7425178616988075,1.8467513312074533
-0.6094439017789008,1.1594879003843908
-0.034912252593255644,1.7596910268638752
0.19249818183535433,0.22549734022488443
-0.25526806174453587,1.4780395125676362
0.6559805826260314,2.0300361221447343
-1.0692150866557921,-1.023791970118912
-0.579226425639252,-0.5149398702398409
1.4626335751403032,1.273755137690343
0.45771061524539336,2.2802702886678974
1.8610902120475339,0.7032864317333124
0.41526975649846454,0.19808941920847034
0.07029200344330543,1.2054941935349228
0.6387225498951398,0.7220799862213608
2.701506619744166,1.6367263524446876
1.0503000702387026,2.2855428587819446
-1.9787284385983668,0.6168446696248159
1.196886808371327,0.9682344426600973
0.4024238827562253,-1.0966693361499993
0.1796683567620463,2.5092787168909005
0.1322887307521443,0.22629054938825788
-0.5205545417006765,1.3877011572137468
-0.6442834239055766,2.0230629880729807
-1.1512863093607915,0.21713339699829703
0.7289324557271357,1.5819419871765406
1.3614185907694272,1.6595317147114002
0.4044486086327148,1.3555384849752425
0.20935141821785652,1.0764384327813221
-0.2257188313309682,0.6198591146545718
-0.11547663799305546,-0.0007208720938725044
0.5350731201138442,2.0370636612506434
-0.9931742581021357,1.4960491984094473
-0.16310060547407113,0.7636803798485302
1.0274735700651785,0.7793760995888894
-0.9935637176756666,1.1362939061801711
0.6377901316085928,2.824393981394639
2.1428817695660096,2.3813722255170404
-0.3267468518171058,0.1659078714364729
-0.8797804684371276,1.6868364585857152
-1.2372966449223668,1.389456665694324
0.16772323235543363,1.2974904949058883
1.2078953827978476,2.3024598495818047
0.44339598647597833,1.0441853309093467
0.0769862959516357,1.724777732203594
-0.6707830318620326,1.4869039148618277
-0.7528811169511243,1.4314722622253657
-0.7346341151903314,0.952187485771595
-0.06971154142943253,1.6095333438189623
-1.5231385706274398,-0.18195271076651065
-0.07708498554194426,0.997880939990244
1.2068106915207344,3.722654869253463
0.14031959708478114,1.2657457859845542
0.9279189535958594,2.9930234933930864
-1.3264486730958687,0.4439605261861095
0.6172879440485333,1.035311730372442
0.25457314972049405,-0.9782983956381552
-2.147136741746412,-0.11689722742233633
0.9021439222169492,1.483510443353444
1.2948353083510211,0.49321356752249257
0.019377866936893973,1.4271737316062016
-0.6467021467308492,0.8792183211993658
-0.35048942167957475,2.0632049961310486
-2.30561241193933,-0.3708336614794727
0.46445263217707017,2.132758715259538
-0.062239862574397675,1.3304102964155116
0.032013884430603934,2.0223035263627107
-0.3802247658674262,0.0016108840520461243
1.073739420635514,0.7759696920931908
2.885878486620001,2.265393422347442
-1.4247605102263314,-1.0768354714218127
0.46477670733739107,0.6824624297326783
-0.8239014729058652,0.15911421884721455
0.47838167311385077,1.9853325014248004
-2.136732134779565,-0.5794243586238632
-0.6045457094074224,0.8926863542018781
0.269551668238418,1.3051874088302289
0.24396636400177132,1.3452393328633143
-0.6051422499482013,1.8642926065008951
0.31059359013128673,0.35421942571911413
-1.074413959443567,0.06814973432539628
1.2488606636480468,3.0654734021670693
1.4494135320706345,1.1410934494226068
0.870706068281051,1.3463011857198084
-0.5754954136870194,0.4622727159958412
-0.5187275201891703,1.0652573800976497
1.079863579116174,1.2067049464403599
1.6009736374074648,1.1230720218331096
-0.6230078048625334,0.7282310247340611
0.15952451193819428,1.2821768280445756
1.5926159861330873,1.5594105079880398
0.5386531400561956,2.0697183097102525
0.20073165115204572,1.880846479408601
-0.35137634411786534,0.20698671507348854
-0.5968599300603075,1.953422354606047
0.8862492130660022,1.1164913738512003
-1.295415467413017,0.5615227362067726
1.702630624898339,3.0640921276172666
0.3519113168477684,1.8915659570422543
-0.8452456273694247,0.33267009122179625
-0.8516875127542995,0.7258637772036803
-0.5095557897655378,1.2902702537130402
-0.860954113419186,1.322255943334266
-2.291610448513334,-0.8265712425534408
-0.5168931930702149,1.9046723810389734
0.5326258194649368,0.7197064438852686
1.8049918368410078,0.7903535874837192
0.09160528852251681,2.685926374552399
-0.2793353464949115,1.1552861212422338
-1.5393373144384626,1.4480144551015923
-0.5002581109023037,1.0456656039724783
0.2526068731434824,1.083299072706158
0.41689656299450906,0.9849681567844687
0.9347335588038058,3.039208802833941
-0.8377102561320386,-0.5121621999037973
-0.9142670626539053,1.104050664811296
0.3155749158916557,2.006684324075263
0.7447407235394474,3.4376567607751323
1.0000349542241747,0.7286774013193555
0.1199916811261652,2.267147059539125
1.144515343792432,1.0108720312272355
-0.38400274740862717,1.158820515717005
-0.6540668619874423,-0.24076443646875978
0.42184549232154106,0.6013646315766978
-0.07732493135044599,0.45945484125616853
-1.5207217220722895,2.677633836378062
-0.30323193690583394,0.3992148083814395
-1.5751973940574668,0.18463325878984638
0.8712588208825011,2.3902171784032946
-0.2975100215102312,1.0318308776748648
0.21327677037445072,1.1711564424612817
-0.5823544424812898,-0.3890235719447217
-0.7582410514341906,2.470341904735169
-1.0003185105440955,-0.309981661907049
-0.08137187505616884,0.8113603714246469
0.12094241449670506,1.8522707219065588
-1.0759690672882303,0.10664312666123188
-1.0830642986172372,0.01631312300149068
0.7258574274591616,2.7054665753411626
-1.0197471281590662,1.2315685157321958
0.21169164597640228,1.0921933267663606
1.6426817929996012,1.7628450565523552
0.2804353599718815,0.9485655245648522
0.38672034112038667,2.0366657032331155
-0.04468599974396606,1.3734837079140099
1.6338591591722564,1.4554681422437945
-1.6038894337252363,0.8779045158203235
0.22088020391453944,-1.6450848441987374
-0.008364708762594458,1.47801883304278
-0.15936959805414647,0.31742689927689094
0.5499098772389157,0.254180562239391
2.394850252208528,2.322520031763716
0.7405083626312733,1.0167278798947437
-0.7058645187139404,1.5317259044133837
-0.6063538404470268,0.3449771537492272
0.13695282224710742,0.1692922923278135
0.5173852797485132,0.8671024922624008
0.8982730947808923,-0.4831679553383319
-0.45033122024375855,2.0926280815509415
0.1351102329495788,0.4018963621585816
0.7129117413036443,3.4139179645726623
-0.004387200063082464,-0.5155556738011788
0.810722435594886,2.6864477724555726
-1.9665467606004035,0.9546722569865749
0.3349643315394817,0.7016514702067944
0.871541380474792,0.8426418549369663
0.851121252618876,0.2721531517262844
-0.9528246301195902,0.7359817107457185
0.06301315294346771,0.7100873633242574
1.4395972070474004,1.0049845410735712
0.7534982420986135,0.7921525414621493
1.1628452894874999,0.30315328622546023
0.6215423857869895,0.9749174711379889
0.8963334337664883,0.9287102695210856
0.2738401015938868,0.7570891302952701
0.10997546299386146,0.5997805525194582
0.02767415508888249,2.007060667504006
-1.188496610156054,-0.013809348699028723
1.3014536186380377,0.8725127633126716
0.4849371308897734,0.40984378520463627
1.572376111813874,2.2936076268985524
0.001778436368203174,1.0365053788852612
1.1832565490116327,2.16859820666277
1.0446549422085425,1.7457300608402746
-0.5993236155469259,1.2423295917915997
-0.5182705377453575,0.1073924953904628
-1.7200278750768767,2.081747351655366
-0.4639897146927894,0.1544584135227608
-1.6310942137499058,-1.2296237626017468
0.899303462663091,1.2946190344987014
-0.9729374959511115,1.029181317960496
